startloc,weight,workload,trace,group
573,0.964686,627.cam4_s,/mnt/research/Gratz_Paul_V/Shared/champsim-traces/speccpu/6xx/627.cam4_s-573B.champsimtrace.xz,speccpu/6xx
490,0.0246801,627.cam4_s,/mnt/research/Gratz_Paul_V/Shared/champsim-traces/speccpu/6xx/627.cam4_s-490B.champsimtrace.xz,speccpu/6xx
277,0.189815,401.bzip2,/mnt/research/Gratz_Paul_V/Shared/champsim-traces/speccpu/4xx/401.bzip2-277B.champsimtrace.xz,speccpu/4xx
7,0.141204,401.bzip2,/mnt/research/Gratz_Paul_V/Shared/champsim-traces/speccpu/4xx/401.bzip2-7B.champsimtrace.xz,speccpu/4xx
38,0.3125,401.bzip2,/mnt/research/Gratz_Paul_V/Shared/champsim-traces/speccpu/4xx/401.bzip2-38B.champsimtrace.xz,speccpu/4xx
226,0.229167,401.bzip2,/mnt/research/Gratz_Paul_V/Shared/champsim-traces/speccpu/4xx/401.bzip2-226B.champsimtrace.xz,speccpu/4xx
50,0.428315,400.perlbench,/mnt/research/Gratz_Paul_V/Shared/champsim-traces/speccpu/4xx/400.perlbench-50B.champsimtrace.xz,speccpu/4xx
41,0.566308,400.perlbench,/mnt/research/Gratz_Paul_V/Shared/champsim-traces/speccpu/4xx/400.perlbench-41B.champsimtrace.xz,speccpu/4xx
18,0.253488,625.x264_s,/mnt/research/Gratz_Paul_V/Shared/champsim-traces/speccpu/6xx/625.x264_s-18B.champsimtrace.xz,speccpu/6xx
20,0.22093,625.x264_s,/mnt/research/Gratz_Paul_V/Shared/champsim-traces/speccpu/6xx/625.x264_s-20B.champsimtrace.xz,speccpu/6xx
12,0.0744186,625.x264_s,/mnt/research/Gratz_Paul_V/Shared/champsim-traces/speccpu/6xx/625.x264_s-12B.champsimtrace.xz,speccpu/6xx
39,0.246512,625.x264_s,/mnt/research/Gratz_Paul_V/Shared/champsim-traces/speccpu/6xx/625.x264_s-39B.champsimtrace.xz,speccpu/6xx
33,0.202326,625.x264_s,/mnt/research/Gratz_Paul_V/Shared/champsim-traces/speccpu/6xx/625.x264_s-33B.champsimtrace.xz,speccpu/6xx
1390,0.404113,654.roms_s,/mnt/research/Gratz_Paul_V/Shared/champsim-traces/speccpu/6xx/654.roms_s-1390B.champsimtrace.xz,speccpu/6xx
294,0.0147128,654.roms_s,/mnt/research/Gratz_Paul_V/Shared/champsim-traces/speccpu/6xx/654.roms_s-294B.champsimtrace.xz,speccpu/6xx
1021,0.0283718,654.roms_s,/mnt/research/Gratz_Paul_V/Shared/champsim-traces/speccpu/6xx/654.roms_s-1021B.champsimtrace.xz,speccpu/6xx
293,0.0131127,654.roms_s,/mnt/research/Gratz_Paul_V/Shared/champsim-traces/speccpu/6xx/654.roms_s-293B.champsimtrace.xz,speccpu/6xx
1070,0.0192398,654.roms_s,/mnt/research/Gratz_Paul_V/Shared/champsim-traces/speccpu/6xx/654.roms_s-1070B.champsimtrace.xz,speccpu/6xx
1613,0.0158445,654.roms_s,/mnt/research/Gratz_Paul_V/Shared/champsim-traces/speccpu/6xx/654.roms_s-1613B.champsimtrace.xz,speccpu/6xx
1007,0.0307914,654.roms_s,/mnt/research/Gratz_Paul_V/Shared/champsim-traces/speccpu/6xx/654.roms_s-1007B.champsimtrace.xz,speccpu/6xx
523,0.0375429,654.roms_s,/mnt/research/Gratz_Paul_V/Shared/champsim-traces/speccpu/6xx/654.roms_s-523B.champsimtrace.xz,speccpu/6xx
842,0.431392,654.roms_s,/mnt/research/Gratz_Paul_V/Shared/champsim-traces/speccpu/6xx/654.roms_s-842B.champsimtrace.xz,speccpu/6xx
2676,0.176003,619.lbm_s,/mnt/research/Gratz_Paul_V/Shared/champsim-traces/speccpu/6xx/619.lbm_s-2676B.champsimtrace.xz,speccpu/6xx
4268,0.418157,619.lbm_s,/mnt/research/Gratz_Paul_V/Shared/champsim-traces/speccpu/6xx/619.lbm_s-4268B.champsimtrace.xz,speccpu/6xx
3766,0.214938,619.lbm_s,/mnt/research/Gratz_Paul_V/Shared/champsim-traces/speccpu/6xx/619.lbm_s-3766B.champsimtrace.xz,speccpu/6xx
2677,0.177791,619.lbm_s,/mnt/research/Gratz_Paul_V/Shared/champsim-traces/speccpu/6xx/619.lbm_s-2677B.champsimtrace.xz,speccpu/6xx
33,0.115205,444.namd,/mnt/research/Gratz_Paul_V/Shared/champsim-traces/speccpu/4xx/444.namd-33B.champsimtrace.xz,speccpu/4xx
426,0.124524,444.namd,/mnt/research/Gratz_Paul_V/Shared/champsim-traces/speccpu/4xx/444.namd-426B.champsimtrace.xz,speccpu/4xx
321,0.116476,444.namd,/mnt/research/Gratz_Paul_V/Shared/champsim-traces/speccpu/4xx/444.namd-321B.champsimtrace.xz,speccpu/4xx
120,0.108429,444.namd,/mnt/research/Gratz_Paul_V/Shared/champsim-traces/speccpu/4xx/444.namd-120B.champsimtrace.xz,speccpu/4xx
44,0.113511,444.namd,/mnt/research/Gratz_Paul_V/Shared/champsim-traces/speccpu/4xx/444.namd-44B.champsimtrace.xz,speccpu/4xx
166,0.109699,444.namd,/mnt/research/Gratz_Paul_V/Shared/champsim-traces/speccpu/4xx/444.namd-166B.champsimtrace.xz,speccpu/4xx
23,0.13723,444.namd,/mnt/research/Gratz_Paul_V/Shared/champsim-traces/speccpu/4xx/444.namd-23B.champsimtrace.xz,speccpu/4xx
2302,0.41243,657.xz_s,/mnt/research/Gratz_Paul_V/Shared/champsim-traces/speccpu/6xx/657.xz_s-2302B.champsimtrace.xz,speccpu/6xx
56,0.0951763,657.xz_s,/mnt/research/Gratz_Paul_V/Shared/champsim-traces/speccpu/6xx/657.xz_s-56B.champsimtrace.xz,speccpu/6xx
3167,0.425974,657.xz_s,/mnt/research/Gratz_Paul_V/Shared/champsim-traces/speccpu/6xx/657.xz_s-3167B.champsimtrace.xz,speccpu/6xx
4994,0.0638219,657.xz_s,/mnt/research/Gratz_Paul_V/Shared/champsim-traces/speccpu/6xx/657.xz_s-4994B.champsimtrace.xz,speccpu/6xx
188,0.944732,471.omnetpp,/mnt/research/Gratz_Paul_V/Shared/champsim-traces/speccpu/4xx/471.omnetpp-188B.champsimtrace.xz,speccpu/4xx
247,0.486842,450.soplex,/mnt/research/Gratz_Paul_V/Shared/champsim-traces/speccpu/4xx/450.soplex-247B.champsimtrace.xz,speccpu/4xx
92,0.347368,450.soplex,/mnt/research/Gratz_Paul_V/Shared/champsim-traces/speccpu/4xx/450.soplex-92B.champsimtrace.xz,speccpu/4xx
271,0.125115,437.leslie3d,/mnt/research/Gratz_Paul_V/Shared/champsim-traces/speccpu/4xx/437.leslie3d-271B.champsimtrace.xz,speccpu/4xx
232,0.124656,437.leslie3d,/mnt/research/Gratz_Paul_V/Shared/champsim-traces/speccpu/4xx/437.leslie3d-232B.champsimtrace.xz,speccpu/4xx
149,0.133609,437.leslie3d,/mnt/research/Gratz_Paul_V/Shared/champsim-traces/speccpu/4xx/437.leslie3d-149B.champsimtrace.xz,speccpu/4xx
273,0.171947,437.leslie3d,/mnt/research/Gratz_Paul_V/Shared/champsim-traces/speccpu/4xx/437.leslie3d-273B.champsimtrace.xz,speccpu/4xx
134,0.126033,437.leslie3d,/mnt/research/Gratz_Paul_V/Shared/champsim-traces/speccpu/4xx/437.leslie3d-134B.champsimtrace.xz,speccpu/4xx
265,0.120753,437.leslie3d,/mnt/research/Gratz_Paul_V/Shared/champsim-traces/speccpu/4xx/437.leslie3d-265B.champsimtrace.xz,speccpu/4xx
10316,0.875316,638.imagick_s,/mnt/research/Gratz_Paul_V/Shared/champsim-traces/speccpu/6xx/638.imagick_s-10316B.champsimtrace.xz,speccpu/6xx
824,0.014378,638.imagick_s,/mnt/research/Gratz_Paul_V/Shared/champsim-traces/speccpu/6xx/638.imagick_s-824B.champsimtrace.xz,speccpu/6xx
4128,0.103857,638.imagick_s,/mnt/research/Gratz_Paul_V/Shared/champsim-traces/speccpu/6xx/638.imagick_s-4128B.champsimtrace.xz,speccpu/6xx
460,0.132874,454.calculix,/mnt/research/Gratz_Paul_V/Shared/champsim-traces/speccpu/4xx/454.calculix-460B.champsimtrace.xz,speccpu/4xx
104,0.621555,454.calculix,/mnt/research/Gratz_Paul_V/Shared/champsim-traces/speccpu/4xx/454.calculix-104B.champsimtrace.xz,speccpu/4xx
875,0.839572,416.gamess,/mnt/research/Gratz_Paul_V/Shared/champsim-traces/speccpu/4xx/416.gamess-875B.champsimtrace.xz,speccpu/4xx
575,0.439899,621.wrf_s,/mnt/research/Gratz_Paul_V/Shared/champsim-traces/speccpu/6xx/621.wrf_s-575B.champsimtrace.xz,speccpu/6xx
6673,0.178829,621.wrf_s,/mnt/research/Gratz_Paul_V/Shared/champsim-traces/speccpu/6xx/621.wrf_s-6673B.champsimtrace.xz,speccpu/6xx
8065,0.196313,621.wrf_s,/mnt/research/Gratz_Paul_V/Shared/champsim-traces/speccpu/6xx/621.wrf_s-8065B.champsimtrace.xz,speccpu/6xx
8100,0.176834,621.wrf_s,/mnt/research/Gratz_Paul_V/Shared/champsim-traces/speccpu/6xx/621.wrf_s-8100B.champsimtrace.xz,speccpu/6xx
1343,0.458315,462.libquantum,/mnt/research/Gratz_Paul_V/Shared/champsim-traces/speccpu/4xx/462.libquantum-1343B.champsimtrace.xz,speccpu/4xx
714,0.343082,462.libquantum,/mnt/research/Gratz_Paul_V/Shared/champsim-traces/speccpu/4xx/462.libquantum-714B.champsimtrace.xz,speccpu/4xx
2421,0.902072,607.cactuBSSN_s,/mnt/research/Gratz_Paul_V/Shared/champsim-traces/speccpu/6xx/607.cactuBSSN_s-2421B.champsimtrace.xz,speccpu/6xx
4004,0.0139196,607.cactuBSSN_s,/mnt/research/Gratz_Paul_V/Shared/champsim-traces/speccpu/6xx/607.cactuBSSN_s-4004B.champsimtrace.xz,speccpu/6xx
3477,0.0392205,607.cactuBSSN_s,/mnt/research/Gratz_Paul_V/Shared/champsim-traces/speccpu/6xx/607.cactuBSSN_s-3477B.champsimtrace.xz,speccpu/6xx
4248,0.0138377,607.cactuBSSN_s,/mnt/research/Gratz_Paul_V/Shared/champsim-traces/speccpu/6xx/607.cactuBSSN_s-4248B.champsimtrace.xz,speccpu/6xx
3,0.939628,447.dealII,/mnt/research/Gratz_Paul_V/Shared/champsim-traces/speccpu/4xx/447.dealII-3B.champsimtrace.xz,speccpu/4xx
945,0.421011,410.bwaves,/mnt/research/Gratz_Paul_V/Shared/champsim-traces/speccpu/4xx/410.bwaves-945B.champsimtrace.xz,speccpu/4xx
2097,0.305319,410.bwaves,/mnt/research/Gratz_Paul_V/Shared/champsim-traces/speccpu/4xx/410.bwaves-2097B.champsimtrace.xz,speccpu/4xx
1963,0.194149,410.bwaves,/mnt/research/Gratz_Paul_V/Shared/champsim-traces/speccpu/4xx/410.bwaves-1963B.champsimtrace.xz,speccpu/4xx
736,0.335734,483.xalancbmk,/mnt/research/Gratz_Paul_V/Shared/champsim-traces/speccpu/4xx/483.xalancbmk-736B.champsimtrace.xz,speccpu/4xx
716,0.375338,483.xalancbmk,/mnt/research/Gratz_Paul_V/Shared/champsim-traces/speccpu/4xx/483.xalancbmk-716B.champsimtrace.xz,speccpu/4xx
127,0.153915,483.xalancbmk,/mnt/research/Gratz_Paul_V/Shared/champsim-traces/speccpu/4xx/483.xalancbmk-127B.champsimtrace.xz,speccpu/4xx
734,0.641196,602.gcc_s,/mnt/research/Gratz_Paul_V/Shared/champsim-traces/speccpu/6xx/602.gcc_s-734B.champsimtrace.xz,speccpu/6xx
2226,0.0169804,602.gcc_s,/mnt/research/Gratz_Paul_V/Shared/champsim-traces/speccpu/6xx/602.gcc_s-2226B.champsimtrace.xz,speccpu/6xx
2375,0.186416,602.gcc_s,/mnt/research/Gratz_Paul_V/Shared/champsim-traces/speccpu/6xx/602.gcc_s-2375B.champsimtrace.xz,speccpu/6xx
1850,0.133998,602.gcc_s,/mnt/research/Gratz_Paul_V/Shared/champsim-traces/speccpu/6xx/602.gcc_s-1850B.champsimtrace.xz,speccpu/6xx
191,0.464543,456.hmmer,/mnt/research/Gratz_Paul_V/Shared/champsim-traces/speccpu/4xx/456.hmmer-191B.champsimtrace.xz,speccpu/4xx
327,0.215827,456.hmmer,/mnt/research/Gratz_Paul_V/Shared/champsim-traces/speccpu/4xx/456.hmmer-327B.champsimtrace.xz,speccpu/4xx
88,0.235355,456.hmmer,/mnt/research/Gratz_Paul_V/Shared/champsim-traces/speccpu/4xx/456.hmmer-88B.champsimtrace.xz,speccpu/4xx
1914,0.277739,465.tonto,/mnt/research/Gratz_Paul_V/Shared/champsim-traces/speccpu/4xx/465.tonto-1914B.champsimtrace.xz,speccpu/4xx
44,0.153524,465.tonto,/mnt/research/Gratz_Paul_V/Shared/champsim-traces/speccpu/4xx/465.tonto-44B.champsimtrace.xz,speccpu/4xx
700,0.413137,623.xalancbmk_s,/mnt/research/Gratz_Paul_V/Shared/champsim-traces/speccpu/6xx/623.xalancbmk_s-700B.champsimtrace.xz,speccpu/6xx
165,0.0760588,623.xalancbmk_s,/mnt/research/Gratz_Paul_V/Shared/champsim-traces/speccpu/6xx/623.xalancbmk_s-165B.champsimtrace.xz,speccpu/6xx
10,0.0267934,623.xalancbmk_s,/mnt/research/Gratz_Paul_V/Shared/champsim-traces/speccpu/6xx/623.xalancbmk_s-10B.champsimtrace.xz,speccpu/6xx
202,0.160761,623.xalancbmk_s,/mnt/research/Gratz_Paul_V/Shared/champsim-traces/speccpu/6xx/623.xalancbmk_s-202B.champsimtrace.xz,speccpu/6xx
325,0.0622299,623.xalancbmk_s,/mnt/research/Gratz_Paul_V/Shared/champsim-traces/speccpu/6xx/623.xalancbmk_s-325B.champsimtrace.xz,speccpu/6xx
592,0.257563,623.xalancbmk_s,/mnt/research/Gratz_Paul_V/Shared/champsim-traces/speccpu/6xx/623.xalancbmk_s-592B.champsimtrace.xz,speccpu/6xx
1804,0.960452,436.cactusADM,/mnt/research/Gratz_Paul_V/Shared/champsim-traces/speccpu/4xx/436.cactusADM-1804B.champsimtrace.xz,speccpu/4xx
874,0.828467,620.omnetpp_s,/mnt/research/Gratz_Paul_V/Shared/champsim-traces/speccpu/6xx/620.omnetpp_s-874B.champsimtrace.xz,speccpu/6xx
141,0.163321,620.omnetpp_s,/mnt/research/Gratz_Paul_V/Shared/champsim-traces/speccpu/6xx/620.omnetpp_s-141B.champsimtrace.xz,speccpu/6xx
3699,0.73389,603.bwaves_s,/mnt/research/Gratz_Paul_V/Shared/champsim-traces/speccpu/6xx/603.bwaves_s-3699B.champsimtrace.xz,speccpu/6xx
1740,0.148012,603.bwaves_s,/mnt/research/Gratz_Paul_V/Shared/champsim-traces/speccpu/6xx/603.bwaves_s-1740B.champsimtrace.xz,speccpu/6xx
5359,0.0240058,603.bwaves_s,/mnt/research/Gratz_Paul_V/Shared/champsim-traces/speccpu/6xx/603.bwaves_s-5359B.champsimtrace.xz,speccpu/6xx
2609,0.0221614,603.bwaves_s,/mnt/research/Gratz_Paul_V/Shared/champsim-traces/speccpu/6xx/603.bwaves_s-2609B.champsimtrace.xz,speccpu/6xx
891,0.0192507,603.bwaves_s,/mnt/research/Gratz_Paul_V/Shared/champsim-traces/speccpu/6xx/603.bwaves_s-891B.champsimtrace.xz,speccpu/6xx
1080,0.0124496,603.bwaves_s,/mnt/research/Gratz_Paul_V/Shared/champsim-traces/speccpu/6xx/603.bwaves_s-1080B.champsimtrace.xz,speccpu/6xx
2931,0.0282709,603.bwaves_s,/mnt/research/Gratz_Paul_V/Shared/champsim-traces/speccpu/6xx/603.bwaves_s-2931B.champsimtrace.xz,speccpu/6xx
30,0.337607,445.gobmk,/mnt/research/Gratz_Paul_V/Shared/champsim-traces/speccpu/4xx/445.gobmk-30B.champsimtrace.xz,speccpu/4xx
17,0.179487,445.gobmk,/mnt/research/Gratz_Paul_V/Shared/champsim-traces/speccpu/4xx/445.gobmk-17B.champsimtrace.xz,speccpu/4xx
2,0.277778,445.gobmk,/mnt/research/Gratz_Paul_V/Shared/champsim-traces/speccpu/4xx/445.gobmk-2B.champsimtrace.xz,speccpu/4xx
36,0.183761,445.gobmk,/mnt/research/Gratz_Paul_V/Shared/champsim-traces/speccpu/4xx/445.gobmk-36B.champsimtrace.xz,speccpu/4xx
816,0.121498,481.wrf,/mnt/research/Gratz_Paul_V/Shared/champsim-traces/speccpu/4xx/481.wrf-816B.champsimtrace.xz,speccpu/4xx
1170,0.1515,481.wrf,/mnt/research/Gratz_Paul_V/Shared/champsim-traces/speccpu/4xx/481.wrf-1170B.champsimtrace.xz,speccpu/4xx
196,0.168113,481.wrf,/mnt/research/Gratz_Paul_V/Shared/champsim-traces/speccpu/4xx/481.wrf-196B.champsimtrace.xz,speccpu/4xx
1254,0.112323,481.wrf,/mnt/research/Gratz_Paul_V/Shared/champsim-traces/speccpu/4xx/481.wrf-1254B.champsimtrace.xz,speccpu/4xx
1281,0.136871,481.wrf,/mnt/research/Gratz_Paul_V/Shared/champsim-traces/speccpu/4xx/481.wrf-1281B.champsimtrace.xz,speccpu/4xx
455,0.108356,481.wrf,/mnt/research/Gratz_Paul_V/Shared/champsim-traces/speccpu/4xx/481.wrf-455B.champsimtrace.xz,speccpu/4xx
1395,0.237065,482.sphinx3,/mnt/research/Gratz_Paul_V/Shared/champsim-traces/speccpu/4xx/482.sphinx3-1395B.champsimtrace.xz,speccpu/4xx
234,0.109909,482.sphinx3,/mnt/research/Gratz_Paul_V/Shared/champsim-traces/speccpu/4xx/482.sphinx3-234B.champsimtrace.xz,speccpu/4xx
1100,0.144695,482.sphinx3,/mnt/research/Gratz_Paul_V/Shared/champsim-traces/speccpu/4xx/482.sphinx3-1100B.champsimtrace.xz,speccpu/4xx
417,0.164572,482.sphinx3,/mnt/research/Gratz_Paul_V/Shared/champsim-traces/speccpu/4xx/482.sphinx3-417B.champsimtrace.xz,speccpu/4xx
1522,0.113709,482.sphinx3,/mnt/research/Gratz_Paul_V/Shared/champsim-traces/speccpu/4xx/482.sphinx3-1522B.champsimtrace.xz,speccpu/4xx
1297,0.174218,482.sphinx3,/mnt/research/Gratz_Paul_V/Shared/champsim-traces/speccpu/4xx/482.sphinx3-1297B.champsimtrace.xz,speccpu/4xx
570,0.252336,600.perlbench_s,/mnt/research/Gratz_Paul_V/Shared/champsim-traces/speccpu/6xx/600.perlbench_s-570B.champsimtrace.xz,speccpu/6xx
210,0.480997,600.perlbench_s,/mnt/research/Gratz_Paul_V/Shared/champsim-traces/speccpu/6xx/600.perlbench_s-210B.champsimtrace.xz,speccpu/6xx
1273,0.257321,600.perlbench_s,/mnt/research/Gratz_Paul_V/Shared/champsim-traces/speccpu/6xx/600.perlbench_s-1273B.champsimtrace.xz,speccpu/6xx
928,0.990287,631.deepsjeng_s,/mnt/research/Gratz_Paul_V/Shared/champsim-traces/speccpu/6xx/631.deepsjeng_s-928B.champsimtrace.xz,speccpu/6xx
1211,0.199779,459.GemsFDTD,/mnt/research/Gratz_Paul_V/Shared/champsim-traces/speccpu/4xx/459.GemsFDTD-1211B.champsimtrace.xz,speccpu/4xx
765,0.141648,459.GemsFDTD,/mnt/research/Gratz_Paul_V/Shared/champsim-traces/speccpu/4xx/459.GemsFDTD-765B.champsimtrace.xz,speccpu/4xx
1320,0.140912,459.GemsFDTD,/mnt/research/Gratz_Paul_V/Shared/champsim-traces/speccpu/4xx/459.GemsFDTD-1320B.champsimtrace.xz,speccpu/4xx
1418,0.112951,459.GemsFDTD,/mnt/research/Gratz_Paul_V/Shared/champsim-traces/speccpu/4xx/459.GemsFDTD-1418B.champsimtrace.xz,speccpu/4xx
1169,0.100442,459.GemsFDTD,/mnt/research/Gratz_Paul_V/Shared/champsim-traces/speccpu/4xx/459.GemsFDTD-1169B.champsimtrace.xz,speccpu/4xx
1491,0.206034,459.GemsFDTD,/mnt/research/Gratz_Paul_V/Shared/champsim-traces/speccpu/4xx/459.GemsFDTD-1491B.champsimtrace.xz,speccpu/4xx
7928,0.239521,644.nab_s,/mnt/research/Gratz_Paul_V/Shared/champsim-traces/speccpu/6xx/644.nab_s-7928B.champsimtrace.xz,speccpu/6xx
9322,0.171201,644.nab_s,/mnt/research/Gratz_Paul_V/Shared/champsim-traces/speccpu/6xx/644.nab_s-9322B.champsimtrace.xz,speccpu/6xx
5853,0.314125,644.nab_s,/mnt/research/Gratz_Paul_V/Shared/champsim-traces/speccpu/6xx/644.nab_s-5853B.champsimtrace.xz,speccpu/6xx
12459,0.160171,644.nab_s,/mnt/research/Gratz_Paul_V/Shared/champsim-traces/speccpu/6xx/644.nab_s-12459B.champsimtrace.xz,speccpu/6xx
12521,0.0909152,644.nab_s,/mnt/research/Gratz_Paul_V/Shared/champsim-traces/speccpu/6xx/644.nab_s-12521B.champsimtrace.xz,speccpu/6xx
17,1.0,628.pop2_s,/mnt/research/Gratz_Paul_V/Shared/champsim-traces/speccpu/6xx/628.pop2_s-17B.champsimtrace.xz,speccpu/6xx
30,0.451098,464.h264ref,/mnt/research/Gratz_Paul_V/Shared/champsim-traces/speccpu/4xx/464.h264ref-30B.champsimtrace.xz,speccpu/4xx
97,0.125749,464.h264ref,/mnt/research/Gratz_Paul_V/Shared/champsim-traces/speccpu/4xx/464.h264ref-97B.champsimtrace.xz,speccpu/4xx
57,0.107784,464.h264ref,/mnt/research/Gratz_Paul_V/Shared/champsim-traces/speccpu/4xx/464.h264ref-57B.champsimtrace.xz,speccpu/4xx
64,0.161677,464.h264ref,/mnt/research/Gratz_Paul_V/Shared/champsim-traces/speccpu/4xx/464.h264ref-64B.champsimtrace.xz,speccpu/4xx
800,0.152239,453.povray,/mnt/research/Gratz_Paul_V/Shared/champsim-traces/speccpu/4xx/453.povray-800B.champsimtrace.xz,speccpu/4xx
252,0.173134,453.povray,/mnt/research/Gratz_Paul_V/Shared/champsim-traces/speccpu/4xx/453.povray-252B.champsimtrace.xz,speccpu/4xx
887,0.161194,453.povray,/mnt/research/Gratz_Paul_V/Shared/champsim-traces/speccpu/4xx/453.povray-887B.champsimtrace.xz,speccpu/4xx
576,0.333333,453.povray,/mnt/research/Gratz_Paul_V/Shared/champsim-traces/speccpu/4xx/453.povray-576B.champsimtrace.xz,speccpu/4xx
994,0.142785,605.mcf_s,/mnt/research/Gratz_Paul_V/Shared/champsim-traces/speccpu/6xx/605.mcf_s-994B.champsimtrace.xz,speccpu/6xx
484,0.0349367,605.mcf_s,/mnt/research/Gratz_Paul_V/Shared/champsim-traces/speccpu/6xx/605.mcf_s-484B.champsimtrace.xz,speccpu/6xx
1644,0.0116456,605.mcf_s,/mnt/research/Gratz_Paul_V/Shared/champsim-traces/speccpu/6xx/605.mcf_s-1644B.champsimtrace.xz,speccpu/6xx
1554,0.128608,605.mcf_s,/mnt/research/Gratz_Paul_V/Shared/champsim-traces/speccpu/6xx/605.mcf_s-1554B.champsimtrace.xz,speccpu/6xx
782,0.0688608,605.mcf_s,/mnt/research/Gratz_Paul_V/Shared/champsim-traces/speccpu/6xx/605.mcf_s-782B.champsimtrace.xz,speccpu/6xx
472,0.0313924,605.mcf_s,/mnt/research/Gratz_Paul_V/Shared/champsim-traces/speccpu/6xx/605.mcf_s-472B.champsimtrace.xz,speccpu/6xx
665,0.440506,605.mcf_s,/mnt/research/Gratz_Paul_V/Shared/champsim-traces/speccpu/6xx/605.mcf_s-665B.champsimtrace.xz,speccpu/6xx
1536,0.0141772,605.mcf_s,/mnt/research/Gratz_Paul_V/Shared/champsim-traces/speccpu/6xx/605.mcf_s-1536B.champsimtrace.xz,speccpu/6xx
1152,0.126582,605.mcf_s,/mnt/research/Gratz_Paul_V/Shared/champsim-traces/speccpu/6xx/605.mcf_s-1152B.champsimtrace.xz,speccpu/6xx
149,0.100873,641.leela_s,/mnt/research/Gratz_Paul_V/Shared/champsim-traces/speccpu/6xx/641.leela_s-149B.champsimtrace.xz,speccpu/6xx
1052,0.211354,641.leela_s,/mnt/research/Gratz_Paul_V/Shared/champsim-traces/speccpu/6xx/641.leela_s-1052B.champsimtrace.xz,speccpu/6xx
334,0.0296943,641.leela_s,/mnt/research/Gratz_Paul_V/Shared/champsim-traces/speccpu/6xx/641.leela_s-334B.champsimtrace.xz,speccpu/6xx
862,0.124454,641.leela_s,/mnt/research/Gratz_Paul_V/Shared/champsim-traces/speccpu/6xx/641.leela_s-862B.champsimtrace.xz,speccpu/6xx
602,0.129258,641.leela_s,/mnt/research/Gratz_Paul_V/Shared/champsim-traces/speccpu/6xx/641.leela_s-602B.champsimtrace.xz,speccpu/6xx
1083,0.139301,641.leela_s,/mnt/research/Gratz_Paul_V/Shared/champsim-traces/speccpu/6xx/641.leela_s-1083B.champsimtrace.xz,speccpu/6xx
800,0.255459,641.leela_s,/mnt/research/Gratz_Paul_V/Shared/champsim-traces/speccpu/6xx/641.leela_s-800B.champsimtrace.xz,speccpu/6xx
217,0.158358,429.mcf,/mnt/research/Gratz_Paul_V/Shared/champsim-traces/speccpu/4xx/429.mcf-217B.champsimtrace.xz,speccpu/4xx
192,0.184751,429.mcf,/mnt/research/Gratz_Paul_V/Shared/champsim-traces/speccpu/4xx/429.mcf-192B.champsimtrace.xz,speccpu/4xx
51,0.322581,429.mcf,/mnt/research/Gratz_Paul_V/Shared/champsim-traces/speccpu/4xx/429.mcf-51B.champsimtrace.xz,speccpu/4xx
22,0.11437,429.mcf,/mnt/research/Gratz_Paul_V/Shared/champsim-traces/speccpu/4xx/429.mcf-22B.champsimtrace.xz,speccpu/4xx
184,0.146628,429.mcf,/mnt/research/Gratz_Paul_V/Shared/champsim-traces/speccpu/4xx/429.mcf-184B.champsimtrace.xz,speccpu/4xx
767,0.238528,458.sjeng,/mnt/research/Gratz_Paul_V/Shared/champsim-traces/speccpu/4xx/458.sjeng-767B.champsimtrace.xz,speccpu/4xx
283,0.124242,458.sjeng,/mnt/research/Gratz_Paul_V/Shared/champsim-traces/speccpu/4xx/458.sjeng-283B.champsimtrace.xz,speccpu/4xx
31,0.208225,458.sjeng,/mnt/research/Gratz_Paul_V/Shared/champsim-traces/speccpu/4xx/458.sjeng-31B.champsimtrace.xz,speccpu/4xx
1088,0.271429,458.sjeng,/mnt/research/Gratz_Paul_V/Shared/champsim-traces/speccpu/4xx/458.sjeng-1088B.champsimtrace.xz,speccpu/4xx
10881,0.0887756,649.fotonik3d_s,/mnt/research/Gratz_Paul_V/Shared/champsim-traces/speccpu/6xx/649.fotonik3d_s-10881B.champsimtrace.xz,speccpu/6xx
1176,0.497231,649.fotonik3d_s,/mnt/research/Gratz_Paul_V/Shared/champsim-traces/speccpu/6xx/649.fotonik3d_s-1176B.champsimtrace.xz,speccpu/6xx
7084,0.20726,649.fotonik3d_s,/mnt/research/Gratz_Paul_V/Shared/champsim-traces/speccpu/6xx/649.fotonik3d_s-7084B.champsimtrace.xz,speccpu/6xx
1,0.157247,649.fotonik3d_s,/mnt/research/Gratz_Paul_V/Shared/champsim-traces/speccpu/6xx/649.fotonik3d_s-1B.champsimtrace.xz,speccpu/6xx
8225,0.0486947,649.fotonik3d_s,/mnt/research/Gratz_Paul_V/Shared/champsim-traces/speccpu/6xx/649.fotonik3d_s-8225B.champsimtrace.xz,speccpu/6xx
274,0.198312,433.milc,/mnt/research/Gratz_Paul_V/Shared/champsim-traces/speccpu/4xx/433.milc-274B.champsimtrace.xz,speccpu/4xx
127,0.44135,433.milc,/mnt/research/Gratz_Paul_V/Shared/champsim-traces/speccpu/4xx/433.milc-127B.champsimtrace.xz,speccpu/4xx
337,0.255696,433.milc,/mnt/research/Gratz_Paul_V/Shared/champsim-traces/speccpu/4xx/433.milc-337B.champsimtrace.xz,speccpu/4xx
210,0.161847,648.exchange2_s,/mnt/research/Gratz_Paul_V/Shared/champsim-traces/speccpu/6xx/648.exchange2_s-210B.champsimtrace.xz,speccpu/6xx
387,0.0194217,648.exchange2_s,/mnt/research/Gratz_Paul_V/Shared/champsim-traces/speccpu/6xx/648.exchange2_s-387B.champsimtrace.xz,speccpu/6xx
584,0.0520069,648.exchange2_s,/mnt/research/Gratz_Paul_V/Shared/champsim-traces/speccpu/6xx/648.exchange2_s-584B.champsimtrace.xz,speccpu/6xx
1227,0.0429435,648.exchange2_s,/mnt/research/Gratz_Paul_V/Shared/champsim-traces/speccpu/6xx/648.exchange2_s-1227B.champsimtrace.xz,speccpu/6xx
1511,0.0714286,648.exchange2_s,/mnt/research/Gratz_Paul_V/Shared/champsim-traces/speccpu/6xx/648.exchange2_s-1511B.champsimtrace.xz,speccpu/6xx
353,0.079413,648.exchange2_s,/mnt/research/Gratz_Paul_V/Shared/champsim-traces/speccpu/6xx/648.exchange2_s-353B.champsimtrace.xz,speccpu/6xx
1247,0.0807078,648.exchange2_s,/mnt/research/Gratz_Paul_V/Shared/champsim-traces/speccpu/6xx/648.exchange2_s-1247B.champsimtrace.xz,speccpu/6xx
1699,0.182348,648.exchange2_s,/mnt/research/Gratz_Paul_V/Shared/champsim-traces/speccpu/6xx/648.exchange2_s-1699B.champsimtrace.xz,speccpu/6xx
1712,0.147389,648.exchange2_s,/mnt/research/Gratz_Paul_V/Shared/champsim-traces/speccpu/6xx/648.exchange2_s-1712B.champsimtrace.xz,speccpu/6xx
72,0.162495,648.exchange2_s,/mnt/research/Gratz_Paul_V/Shared/champsim-traces/speccpu/6xx/648.exchange2_s-72B.champsimtrace.xz,speccpu/6xx
1274,0.961187,470.lbm,/mnt/research/Gratz_Paul_V/Shared/champsim-traces/speccpu/4xx/470.lbm-1274B.champsimtrace.xz,speccpu/4xx
111,0.162354,435.gromacs,/mnt/research/Gratz_Paul_V/Shared/champsim-traces/speccpu/4xx/435.gromacs-111B.champsimtrace.xz,speccpu/4xx
228,0.366312,435.gromacs,/mnt/research/Gratz_Paul_V/Shared/champsim-traces/speccpu/4xx/435.gromacs-228B.champsimtrace.xz,speccpu/4xx
226,0.113141,435.gromacs,/mnt/research/Gratz_Paul_V/Shared/champsim-traces/speccpu/4xx/435.gromacs-226B.champsimtrace.xz,speccpu/4xx
134,0.139523,435.gromacs,/mnt/research/Gratz_Paul_V/Shared/champsim-traces/speccpu/4xx/435.gromacs-134B.champsimtrace.xz,speccpu/4xx
153,0.610706,473.astar,/mnt/research/Gratz_Paul_V/Shared/champsim-traces/speccpu/4xx/473.astar-153B.champsimtrace.xz,speccpu/4xx
359,0.209246,473.astar,/mnt/research/Gratz_Paul_V/Shared/champsim-traces/speccpu/4xx/473.astar-359B.champsimtrace.xz,speccpu/4xx
42,0.136253,473.astar,/mnt/research/Gratz_Paul_V/Shared/champsim-traces/speccpu/4xx/473.astar-42B.champsimtrace.xz,speccpu/4xx
48,0.123457,403.gcc,/mnt/research/Gratz_Paul_V/Shared/champsim-traces/speccpu/4xx/403.gcc-48B.champsimtrace.xz,speccpu/4xx
16,0.123457,403.gcc,/mnt/research/Gratz_Paul_V/Shared/champsim-traces/speccpu/4xx/403.gcc-16B.champsimtrace.xz,speccpu/4xx
17,0.395062,403.gcc,/mnt/research/Gratz_Paul_V/Shared/champsim-traces/speccpu/4xx/403.gcc-17B.champsimtrace.xz,speccpu/4xx
504,0.156355,tc.urand,/mnt/research/Gratz_Paul_V/Shared/champsim-traces/gaps/tc.urand-504B.champsimtrace.xz,gaps
455,0.0928094,tc.urand,/mnt/research/Gratz_Paul_V/Shared/champsim-traces/gaps/tc.urand-455B.champsimtrace.xz,gaps
187,0.255017,tc.urand,/mnt/research/Gratz_Paul_V/Shared/champsim-traces/gaps/tc.urand-187B.champsimtrace.xz,gaps
1112,0.396321,tc.urand,/mnt/research/Gratz_Paul_V/Shared/champsim-traces/gaps/tc.urand-1112B.champsimtrace.xz,gaps
825,0.0526756,tc.urand,/mnt/research/Gratz_Paul_V/Shared/champsim-traces/gaps/tc.urand-825B.champsimtrace.xz,gaps
566,0.444113,xs.XXL64nuclide,/mnt/research/Gratz_Paul_V/Shared/champsim-traces/gaps/xs.XXL64nuclide-566B.champsimtrace.xz,gaps
531,0.38003,xs.XXL64nuclide,/mnt/research/Gratz_Paul_V/Shared/champsim-traces/gaps/xs.XXL64nuclide-531B.champsimtrace.xz,gaps
24,0.162444,xs.XXL64nuclide,/mnt/research/Gratz_Paul_V/Shared/champsim-traces/gaps/xs.XXL64nuclide-24B.champsimtrace.xz,gaps
155,0.15,xs.XXL100unionized,/mnt/research/Gratz_Paul_V/Shared/champsim-traces/gaps/xs.XXL100unionized-155B.champsimtrace.xz,gaps
188,0.0954545,xs.XXL100unionized,/mnt/research/Gratz_Paul_V/Shared/champsim-traces/gaps/xs.XXL100unionized-188B.champsimtrace.xz,gaps
24,0.495455,xs.XXL100unionized,/mnt/research/Gratz_Paul_V/Shared/champsim-traces/gaps/xs.XXL100unionized-24B.champsimtrace.xz,gaps
122,0.213636,xs.XXL100unionized,/mnt/research/Gratz_Paul_V/Shared/champsim-traces/gaps/xs.XXL100unionized-122B.champsimtrace.xz,gaps
82,0.211055,cc.kron,/mnt/research/Gratz_Paul_V/Shared/champsim-traces/gaps/cc.kron-82B.champsimtrace.xz,gaps
17,0.100503,cc.kron,/mnt/research/Gratz_Paul_V/Shared/champsim-traces/gaps/cc.kron-17B.champsimtrace.xz,gaps
164,0.211055,cc.kron,/mnt/research/Gratz_Paul_V/Shared/champsim-traces/gaps/cc.kron-164B.champsimtrace.xz,gaps
135,0.0603015,cc.kron,/mnt/research/Gratz_Paul_V/Shared/champsim-traces/gaps/cc.kron-135B.champsimtrace.xz,gaps
10,0.080402,cc.kron,/mnt/research/Gratz_Paul_V/Shared/champsim-traces/gaps/cc.kron-10B.champsimtrace.xz,gaps
78,0.175879,cc.kron,/mnt/research/Gratz_Paul_V/Shared/champsim-traces/gaps/cc.kron-78B.champsimtrace.xz,gaps
99,0.115578,cc.kron,/mnt/research/Gratz_Paul_V/Shared/champsim-traces/gaps/cc.kron-99B.champsimtrace.xz,gaps
3197,0.0574103,pr.twitter,/mnt/research/Gratz_Paul_V/Shared/champsim-traces/gaps/pr.twitter-3197B.champsimtrace.xz,gaps
2161,0.442434,pr.twitter,/mnt/research/Gratz_Paul_V/Shared/champsim-traces/gaps/pr.twitter-2161B.champsimtrace.xz,gaps
2741,0.0608424,pr.twitter,/mnt/research/Gratz_Paul_V/Shared/champsim-traces/gaps/pr.twitter-2741B.champsimtrace.xz,gaps
168,0.0546022,pr.twitter,/mnt/research/Gratz_Paul_V/Shared/champsim-traces/gaps/pr.twitter-168B.champsimtrace.xz,gaps
833,0.329797,pr.twitter,/mnt/research/Gratz_Paul_V/Shared/champsim-traces/gaps/pr.twitter-833B.champsimtrace.xz,gaps
1185,0.956684,sssp.web,/mnt/research/Gratz_Paul_V/Shared/champsim-traces/gaps/sssp.web-1185B.champsimtrace.xz,gaps
99,0.289916,bfs.road,/mnt/research/Gratz_Paul_V/Shared/champsim-traces/gaps/bfs.road-99B.champsimtrace.xz,gaps
128,0.117647,bfs.road,/mnt/research/Gratz_Paul_V/Shared/champsim-traces/gaps/bfs.road-128B.champsimtrace.xz,gaps
140,0.0504202,bfs.road,/mnt/research/Gratz_Paul_V/Shared/champsim-traces/gaps/bfs.road-140B.champsimtrace.xz,gaps
210,0.105042,bfs.road,/mnt/research/Gratz_Paul_V/Shared/champsim-traces/gaps/bfs.road-210B.champsimtrace.xz,gaps
112,0.151261,bfs.road,/mnt/research/Gratz_Paul_V/Shared/champsim-traces/gaps/bfs.road-112B.champsimtrace.xz,gaps
19,0.214286,bfs.road,/mnt/research/Gratz_Paul_V/Shared/champsim-traces/gaps/bfs.road-19B.champsimtrace.xz,gaps
168,0.0714286,bfs.road,/mnt/research/Gratz_Paul_V/Shared/champsim-traces/gaps/bfs.road-168B.champsimtrace.xz,gaps
246,0.852518,sssp.kron,/mnt/research/Gratz_Paul_V/Shared/champsim-traces/gaps/sssp.kron-246B.champsimtrace.xz,gaps
3004,0.433558,bc.urand,/mnt/research/Gratz_Paul_V/Shared/champsim-traces/gaps/bc.urand-3004B.champsimtrace.xz,gaps
28,0.0983936,xs.XL100hash,/mnt/research/Gratz_Paul_V/Shared/champsim-traces/gaps/xs.XL100hash-28B.champsimtrace.xz,gaps
194,0.889558,xs.XL100hash,/mnt/research/Gratz_Paul_V/Shared/champsim-traces/gaps/xs.XL100hash-194B.champsimtrace.xz,gaps
5088,0.764587,tc.web,/mnt/research/Gratz_Paul_V/Shared/champsim-traces/gaps/tc.web-5088B.champsimtrace.xz,gaps
3876,0.0728902,tc.web,/mnt/research/Gratz_Paul_V/Shared/champsim-traces/gaps/tc.web-3876B.champsimtrace.xz,gaps
2259,0.154067,tc.web,/mnt/research/Gratz_Paul_V/Shared/champsim-traces/gaps/tc.web-2259B.champsimtrace.xz,gaps
876,0.474576,bc.twitter,/mnt/research/Gratz_Paul_V/Shared/champsim-traces/gaps/bc.twitter-876B.champsimtrace.xz,gaps
2320,0.0622783,bc.twitter,/mnt/research/Gratz_Paul_V/Shared/champsim-traces/gaps/bc.twitter-2320B.champsimtrace.xz,gaps
1658,0.123768,bc.twitter,/mnt/research/Gratz_Paul_V/Shared/champsim-traces/gaps/bc.twitter-1658B.champsimtrace.xz,gaps
309,0.22231,bc.twitter,/mnt/research/Gratz_Paul_V/Shared/champsim-traces/gaps/bc.twitter-309B.champsimtrace.xz,gaps
2209,0.858491,pr.urand,/mnt/research/Gratz_Paul_V/Shared/champsim-traces/gaps/pr.urand-2209B.champsimtrace.xz,gaps
129,0.0590648,pr.urand,/mnt/research/Gratz_Paul_V/Shared/champsim-traces/gaps/pr.urand-129B.champsimtrace.xz,gaps
4460,0.380776,tc.twitter,/mnt/research/Gratz_Paul_V/Shared/champsim-traces/gaps/tc.twitter-4460B.champsimtrace.xz,gaps
2097,0.372206,tc.twitter,/mnt/research/Gratz_Paul_V/Shared/champsim-traces/gaps/tc.twitter-2097B.champsimtrace.xz,gaps
34,0.0672156,tc.twitter,/mnt/research/Gratz_Paul_V/Shared/champsim-traces/gaps/tc.twitter-34B.champsimtrace.xz,gaps
5663,0.171904,tc.twitter,/mnt/research/Gratz_Paul_V/Shared/champsim-traces/gaps/tc.twitter-5663B.champsimtrace.xz,gaps
7,0.0555556,xs.XL100nuclide,/mnt/research/Gratz_Paul_V/Shared/champsim-traces/gaps/xs.XL100nuclide-7B.champsimtrace.xz,gaps
185,0.247166,xs.XL100nuclide,/mnt/research/Gratz_Paul_V/Shared/champsim-traces/gaps/xs.XL100nuclide-185B.champsimtrace.xz,gaps
296,0.0963719,xs.XL100nuclide,/mnt/research/Gratz_Paul_V/Shared/champsim-traces/gaps/xs.XL100nuclide-296B.champsimtrace.xz,gaps
577,0.365079,xs.XL100nuclide,/mnt/research/Gratz_Paul_V/Shared/champsim-traces/gaps/xs.XL100nuclide-577B.champsimtrace.xz,gaps
829,0.230159,xs.XL100nuclide,/mnt/research/Gratz_Paul_V/Shared/champsim-traces/gaps/xs.XL100nuclide-829B.champsimtrace.xz,gaps
704,0.0702479,bc.web,/mnt/research/Gratz_Paul_V/Shared/champsim-traces/gaps/bc.web-704B.champsimtrace.xz,gaps
1362,0.473967,bc.web,/mnt/research/Gratz_Paul_V/Shared/champsim-traces/gaps/bc.web-1362B.champsimtrace.xz,gaps
1627,0.196694,bc.web,/mnt/research/Gratz_Paul_V/Shared/champsim-traces/gaps/bc.web-1627B.champsimtrace.xz,gaps
2078,0.178926,bc.web,/mnt/research/Gratz_Paul_V/Shared/champsim-traces/gaps/bc.web-2078B.champsimtrace.xz,gaps
98,0.056338,cc.web,/mnt/research/Gratz_Paul_V/Shared/champsim-traces/gaps/cc.web-98B.champsimtrace.xz,gaps
99,0.112676,cc.web,/mnt/research/Gratz_Paul_V/Shared/champsim-traces/gaps/cc.web-99B.champsimtrace.xz,gaps
35,0.0704225,cc.web,/mnt/research/Gratz_Paul_V/Shared/champsim-traces/gaps/cc.web-35B.champsimtrace.xz,gaps
13,0.0915493,cc.web,/mnt/research/Gratz_Paul_V/Shared/champsim-traces/gaps/cc.web-13B.champsimtrace.xz,gaps
34,0.105634,cc.web,/mnt/research/Gratz_Paul_V/Shared/champsim-traces/gaps/cc.web-34B.champsimtrace.xz,gaps
101,0.105634,cc.web,/mnt/research/Gratz_Paul_V/Shared/champsim-traces/gaps/cc.web-101B.champsimtrace.xz,gaps
24,0.274648,cc.web,/mnt/research/Gratz_Paul_V/Shared/champsim-traces/gaps/cc.web-24B.champsimtrace.xz,gaps
100,0.15493,cc.web,/mnt/research/Gratz_Paul_V/Shared/champsim-traces/gaps/cc.web-100B.champsimtrace.xz,gaps
2469,0.273205,tc.kron,/mnt/research/Gratz_Paul_V/Shared/champsim-traces/gaps/tc.kron-2469B.champsimtrace.xz,gaps
1058,0.191414,tc.kron,/mnt/research/Gratz_Paul_V/Shared/champsim-traces/gaps/tc.kron-1058B.champsimtrace.xz,gaps
4490,0.462583,tc.kron,/mnt/research/Gratz_Paul_V/Shared/champsim-traces/gaps/tc.kron-4490B.champsimtrace.xz,gaps
0,0.333333,tc.road,/mnt/research/Gratz_Paul_V/Shared/champsim-traces/gaps/tc.road-0B.champsimtrace.xz,gaps
1,0.333333,tc.road,/mnt/research/Gratz_Paul_V/Shared/champsim-traces/gaps/tc.road-1B.champsimtrace.xz,gaps
2,0.333333,tc.road,/mnt/research/Gratz_Paul_V/Shared/champsim-traces/gaps/tc.road-2B.champsimtrace.xz,gaps
75,0.0679612,xs.XL64unionized,/mnt/research/Gratz_Paul_V/Shared/champsim-traces/gaps/xs.XL64unionized-75B.champsimtrace.xz,gaps
66,0.213592,xs.XL64unionized,/mnt/research/Gratz_Paul_V/Shared/champsim-traces/gaps/xs.XL64unionized-66B.champsimtrace.xz,gaps
28,0.475728,xs.XL64unionized,/mnt/research/Gratz_Paul_V/Shared/champsim-traces/gaps/xs.XL64unionized-28B.champsimtrace.xz,gaps
56,0.116505,xs.XL64unionized,/mnt/research/Gratz_Paul_V/Shared/champsim-traces/gaps/xs.XL64unionized-56B.champsimtrace.xz,gaps
542,0.12945,bfs.kron,/mnt/research/Gratz_Paul_V/Shared/champsim-traces/gaps/bfs.kron-542B.champsimtrace.xz,gaps
154,0.122977,bfs.kron,/mnt/research/Gratz_Paul_V/Shared/champsim-traces/gaps/bfs.kron-154B.champsimtrace.xz,gaps
29,0.116505,bfs.kron,/mnt/research/Gratz_Paul_V/Shared/champsim-traces/gaps/bfs.kron-29B.champsimtrace.xz,gaps
223,0.118123,bfs.kron,/mnt/research/Gratz_Paul_V/Shared/champsim-traces/gaps/bfs.kron-223B.champsimtrace.xz,gaps
469,0.208738,bfs.kron,/mnt/research/Gratz_Paul_V/Shared/champsim-traces/gaps/bfs.kron-469B.champsimtrace.xz,gaps
128,0.221683,bfs.kron,/mnt/research/Gratz_Paul_V/Shared/champsim-traces/gaps/bfs.kron-128B.champsimtrace.xz,gaps
600,0.680782,pr.road,/mnt/research/Gratz_Paul_V/Shared/champsim-traces/gaps/pr.road-600B.champsimtrace.xz,gaps
138,0.232899,pr.road,/mnt/research/Gratz_Paul_V/Shared/champsim-traces/gaps/pr.road-138B.champsimtrace.xz,gaps
28,0.0602606,pr.road,/mnt/research/Gratz_Paul_V/Shared/champsim-traces/gaps/pr.road-28B.champsimtrace.xz,gaps
3381,0.176567,sssp.urand,/mnt/research/Gratz_Paul_V/Shared/champsim-traces/gaps/sssp.urand-3381B.champsimtrace.xz,gaps
4669,0.547761,sssp.urand,/mnt/research/Gratz_Paul_V/Shared/champsim-traces/gaps/sssp.urand-4669B.champsimtrace.xz,gaps
4819,0.0610448,sssp.urand,/mnt/research/Gratz_Paul_V/Shared/champsim-traces/gaps/sssp.urand-4819B.champsimtrace.xz,gaps
5252,0.0902985,sssp.urand,/mnt/research/Gratz_Paul_V/Shared/champsim-traces/gaps/sssp.urand-5252B.champsimtrace.xz,gaps
3988,0.0622388,sssp.urand,/mnt/research/Gratz_Paul_V/Shared/champsim-traces/gaps/sssp.urand-3988B.champsimtrace.xz,gaps
75,0.0679612,xs.XL100unionized,/mnt/research/Gratz_Paul_V/Shared/champsim-traces/gaps/xs.XL100unionized-75B.champsimtrace.xz,gaps
66,0.213592,xs.XL100unionized,/mnt/research/Gratz_Paul_V/Shared/champsim-traces/gaps/xs.XL100unionized-66B.champsimtrace.xz,gaps
28,0.475728,xs.XL100unionized,/mnt/research/Gratz_Paul_V/Shared/champsim-traces/gaps/xs.XL100unionized-28B.champsimtrace.xz,gaps
56,0.116505,xs.XL100unionized,/mnt/research/Gratz_Paul_V/Shared/champsim-traces/gaps/xs.XL100unionized-56B.champsimtrace.xz,gaps
7,0.0839041,xs.XL64nuclide,/mnt/research/Gratz_Paul_V/Shared/champsim-traces/gaps/xs.XL64nuclide-7B.champsimtrace.xz,gaps
355,0.907534,xs.XL64nuclide,/mnt/research/Gratz_Paul_V/Shared/champsim-traces/gaps/xs.XL64nuclide-355B.champsimtrace.xz,gaps
15,0.11236,cc.twitter,/mnt/research/Gratz_Paul_V/Shared/champsim-traces/gaps/cc.twitter-15B.champsimtrace.xz,gaps
25,0.134831,cc.twitter,/mnt/research/Gratz_Paul_V/Shared/champsim-traces/gaps/cc.twitter-25B.champsimtrace.xz,gaps
78,0.101124,cc.twitter,/mnt/research/Gratz_Paul_V/Shared/champsim-traces/gaps/cc.twitter-78B.champsimtrace.xz,gaps
10,0.0786517,cc.twitter,/mnt/research/Gratz_Paul_V/Shared/champsim-traces/gaps/cc.twitter-10B.champsimtrace.xz,gaps
69,0.224719,cc.twitter,/mnt/research/Gratz_Paul_V/Shared/champsim-traces/gaps/cc.twitter-69B.champsimtrace.xz,gaps
16,0.0561798,cc.twitter,/mnt/research/Gratz_Paul_V/Shared/champsim-traces/gaps/cc.twitter-16B.champsimtrace.xz,gaps
17,0.0674157,cc.twitter,/mnt/research/Gratz_Paul_V/Shared/champsim-traces/gaps/cc.twitter-17B.champsimtrace.xz,gaps
85,0.191011,cc.twitter,/mnt/research/Gratz_Paul_V/Shared/champsim-traces/gaps/cc.twitter-85B.champsimtrace.xz,gaps
16,0.0548343,pr.web,/mnt/research/Gratz_Paul_V/Shared/champsim-traces/gaps/pr.web-16B.champsimtrace.xz,gaps
709,0.16896,pr.web,/mnt/research/Gratz_Paul_V/Shared/champsim-traces/gaps/pr.web-709B.champsimtrace.xz,gaps
3076,0.391203,pr.web,/mnt/research/Gratz_Paul_V/Shared/champsim-traces/gaps/pr.web-3076B.champsimtrace.xz,gaps
4993,0.261383,pr.web,/mnt/research/Gratz_Paul_V/Shared/champsim-traces/gaps/pr.web-4993B.champsimtrace.xz,gaps
5154,0.475628,bc.kron,/mnt/research/Gratz_Paul_V/Shared/champsim-traces/gaps/bc.kron-5154B.champsimtrace.xz,gaps
2608,0.424008,bc.kron,/mnt/research/Gratz_Paul_V/Shared/champsim-traces/gaps/bc.kron-2608B.champsimtrace.xz,gaps
349,0.857296,pr.kron,/mnt/research/Gratz_Paul_V/Shared/champsim-traces/gaps/pr.kron-349B.champsimtrace.xz,gaps
90,0.0590129,pr.kron,/mnt/research/Gratz_Paul_V/Shared/champsim-traces/gaps/pr.kron-90B.champsimtrace.xz,gaps
155,0.15,xs.XXL64unionized,/mnt/research/Gratz_Paul_V/Shared/champsim-traces/gaps/xs.XXL64unionized-155B.champsimtrace.xz,gaps
188,0.0954545,xs.XXL64unionized,/mnt/research/Gratz_Paul_V/Shared/champsim-traces/gaps/xs.XXL64unionized-188B.champsimtrace.xz,gaps
24,0.495455,xs.XXL64unionized,/mnt/research/Gratz_Paul_V/Shared/champsim-traces/gaps/xs.XXL64unionized-24B.champsimtrace.xz,gaps
122,0.213636,xs.XXL64unionized,/mnt/research/Gratz_Paul_V/Shared/champsim-traces/gaps/xs.XXL64unionized-122B.champsimtrace.xz,gaps
205,0.721311,xs.XXL64hash,/mnt/research/Gratz_Paul_V/Shared/champsim-traces/gaps/xs.XXL64hash-205B.champsimtrace.xz,gaps
24,0.255269,xs.XXL64hash,/mnt/research/Gratz_Paul_V/Shared/champsim-traces/gaps/xs.XXL64hash-24B.champsimtrace.xz,gaps
23,0.236842,cc.road,/mnt/research/Gratz_Paul_V/Shared/champsim-traces/gaps/cc.road-23B.champsimtrace.xz,gaps
36,0.368421,cc.road,/mnt/research/Gratz_Paul_V/Shared/champsim-traces/gaps/cc.road-36B.champsimtrace.xz,gaps
0,0.0526316,cc.road,/mnt/research/Gratz_Paul_V/Shared/champsim-traces/gaps/cc.road-0B.champsimtrace.xz,gaps
13,0.157895,cc.road,/mnt/research/Gratz_Paul_V/Shared/champsim-traces/gaps/cc.road-13B.champsimtrace.xz,gaps
14,0.184211,cc.road,/mnt/research/Gratz_Paul_V/Shared/champsim-traces/gaps/cc.road-14B.champsimtrace.xz,gaps
1825,0.246561,bfs.web,/mnt/research/Gratz_Paul_V/Shared/champsim-traces/gaps/bfs.web-1825B.champsimtrace.xz,gaps
1066,0.074376,bfs.web,/mnt/research/Gratz_Paul_V/Shared/champsim-traces/gaps/bfs.web-1066B.champsimtrace.xz,gaps
79,0.0983189,bfs.web,/mnt/research/Gratz_Paul_V/Shared/champsim-traces/gaps/bfs.web-79B.champsimtrace.xz,gaps
56,0.372899,bfs.web,/mnt/research/Gratz_Paul_V/Shared/champsim-traces/gaps/bfs.web-56B.champsimtrace.xz,gaps
1306,0.109017,bfs.web,/mnt/research/Gratz_Paul_V/Shared/champsim-traces/gaps/bfs.web-1306B.champsimtrace.xz,gaps
26,0.162602,cc.urand,/mnt/research/Gratz_Paul_V/Shared/champsim-traces/gaps/cc.urand-26B.champsimtrace.xz,gaps
353,0.506775,cc.urand,/mnt/research/Gratz_Paul_V/Shared/champsim-traces/gaps/cc.urand-353B.champsimtrace.xz,gaps
792,0.126906,sssp.twitter,/mnt/research/Gratz_Paul_V/Shared/champsim-traces/gaps/sssp.twitter-792B.champsimtrace.xz,gaps
900,0.0578475,sssp.twitter,/mnt/research/Gratz_Paul_V/Shared/champsim-traces/gaps/sssp.twitter-900B.champsimtrace.xz,gaps
1116,0.0542601,sssp.twitter,/mnt/research/Gratz_Paul_V/Shared/champsim-traces/gaps/sssp.twitter-1116B.champsimtrace.xz,gaps
2108,0.500448,sssp.twitter,/mnt/research/Gratz_Paul_V/Shared/champsim-traces/gaps/sssp.twitter-2108B.champsimtrace.xz,gaps
131,0.381818,bc.road,/mnt/research/Gratz_Paul_V/Shared/champsim-traces/gaps/bc.road-131B.champsimtrace.xz,gaps
174,0.118182,bc.road,/mnt/research/Gratz_Paul_V/Shared/champsim-traces/gaps/bc.road-174B.champsimtrace.xz,gaps
79,0.136364,bc.road,/mnt/research/Gratz_Paul_V/Shared/champsim-traces/gaps/bc.road-79B.champsimtrace.xz,gaps
95,0.236364,bc.road,/mnt/research/Gratz_Paul_V/Shared/champsim-traces/gaps/bc.road-95B.champsimtrace.xz,gaps
66,0.727273,sssp.road,/mnt/research/Gratz_Paul_V/Shared/champsim-traces/gaps/sssp.road-66B.champsimtrace.xz,gaps
151,0.260331,sssp.road,/mnt/research/Gratz_Paul_V/Shared/champsim-traces/gaps/sssp.road-151B.champsimtrace.xz,gaps
650,0.0854527,xs.XXL100nuclide,/mnt/research/Gratz_Paul_V/Shared/champsim-traces/gaps/xs.XXL100nuclide-650B.champsimtrace.xz,gaps
165,0.149542,xs.XXL100nuclide,/mnt/research/Gratz_Paul_V/Shared/champsim-traces/gaps/xs.XXL100nuclide-165B.champsimtrace.xz,gaps
324,0.201424,xs.XXL100nuclide,/mnt/research/Gratz_Paul_V/Shared/champsim-traces/gaps/xs.XXL100nuclide-324B.champsimtrace.xz,gaps
648,0.214649,xs.XXL100nuclide,/mnt/research/Gratz_Paul_V/Shared/champsim-traces/gaps/xs.XXL100nuclide-648B.champsimtrace.xz,gaps
861,0.0661241,xs.XXL100nuclide,/mnt/research/Gratz_Paul_V/Shared/champsim-traces/gaps/xs.XXL100nuclide-861B.champsimtrace.xz,gaps
487,0.162767,xs.XXL100nuclide,/mnt/research/Gratz_Paul_V/Shared/champsim-traces/gaps/xs.XXL100nuclide-487B.champsimtrace.xz,gaps
30,0.0824008,xs.XXL100nuclide,/mnt/research/Gratz_Paul_V/Shared/champsim-traces/gaps/xs.XXL100nuclide-30B.champsimtrace.xz,gaps
18,0.06,xs.XXL100hash,/mnt/research/Gratz_Paul_V/Shared/champsim-traces/gaps/xs.XXL100hash-18B.champsimtrace.xz,gaps
563,0.435,xs.XXL100hash,/mnt/research/Gratz_Paul_V/Shared/champsim-traces/gaps/xs.XXL100hash-563B.champsimtrace.xz,gaps
94,0.06,xs.XXL100hash,/mnt/research/Gratz_Paul_V/Shared/champsim-traces/gaps/xs.XXL100hash-94B.champsimtrace.xz,gaps
552,0.365,xs.XXL100hash,/mnt/research/Gratz_Paul_V/Shared/champsim-traces/gaps/xs.XXL100hash-552B.champsimtrace.xz,gaps
410,0.108586,bfs.urand,/mnt/research/Gratz_Paul_V/Shared/champsim-traces/gaps/bfs.urand-410B.champsimtrace.xz,gaps
36,0.0795455,bfs.urand,/mnt/research/Gratz_Paul_V/Shared/champsim-traces/gaps/bfs.urand-36B.champsimtrace.xz,gaps
118,0.094697,bfs.urand,/mnt/research/Gratz_Paul_V/Shared/champsim-traces/gaps/bfs.urand-118B.champsimtrace.xz,gaps
356,0.488636,bfs.urand,/mnt/research/Gratz_Paul_V/Shared/champsim-traces/gaps/bfs.urand-356B.champsimtrace.xz,gaps
60,0.0820707,bfs.urand,/mnt/research/Gratz_Paul_V/Shared/champsim-traces/gaps/bfs.urand-60B.champsimtrace.xz,gaps
161,0.0820707,bfs.urand,/mnt/research/Gratz_Paul_V/Shared/champsim-traces/gaps/bfs.urand-161B.champsimtrace.xz,gaps
49,0.147929,xs.XL64hash,/mnt/research/Gratz_Paul_V/Shared/champsim-traces/gaps/xs.XL64hash-49B.champsimtrace.xz,gaps
126,0.837278,xs.XL64hash,/mnt/research/Gratz_Paul_V/Shared/champsim-traces/gaps/xs.XL64hash-126B.champsimtrace.xz,gaps
408,0.100244,bfs.twitter,/mnt/research/Gratz_Paul_V/Shared/champsim-traces/gaps/bfs.twitter-408B.champsimtrace.xz,gaps
163,0.132029,bfs.twitter,/mnt/research/Gratz_Paul_V/Shared/champsim-traces/gaps/bfs.twitter-163B.champsimtrace.xz,gaps
242,0.0782396,bfs.twitter,/mnt/research/Gratz_Paul_V/Shared/champsim-traces/gaps/bfs.twitter-242B.champsimtrace.xz,gaps
10,0.141809,bfs.twitter,/mnt/research/Gratz_Paul_V/Shared/champsim-traces/gaps/bfs.twitter-10B.champsimtrace.xz,gaps
303,0.215159,bfs.twitter,/mnt/research/Gratz_Paul_V/Shared/champsim-traces/gaps/bfs.twitter-303B.champsimtrace.xz,gaps
160,0.149144,bfs.twitter,/mnt/research/Gratz_Paul_V/Shared/champsim-traces/gaps/bfs.twitter-160B.champsimtrace.xz,gaps
44,0.149144,bfs.twitter,/mnt/research/Gratz_Paul_V/Shared/champsim-traces/gaps/bfs.twitter-44B.champsimtrace.xz,gaps
